{
  "top_to_door2_med": 140.49198201352164,
  "bottom_to_door2_med": 153.75301892720094,
  "overall_med": 147.12250047036127
}